pythermalcomfort_version,cycle_time,simulation_time,dt,t_skin_mean,t_skin_head,t_skin_neck,t_skin_chest,t_skin_back,t_skin_pelvis,t_skin_left_shoulder,t_skin_left_arm,t_skin_left_hand,t_skin_right_shoulder,t_skin_right_arm,t_skin_right_hand,t_skin_left_thigh,t_skin_left_leg,t_skin_left_foot,t_skin_right_thigh,t_skin_right_leg,t_skin_right_foot,t_core_head,t_core_neck,t_core_chest,t_core_back,t_core_pelvis,t_core_left_shoulder,t_core_left_arm,t_core_left_hand,t_core_right_shoulder,t_core_right_arm,t_core_right_hand,t_core_left_thigh,t_core_left_leg,t_core_left_foot,t_core_right_thigh,t_core_right_leg,t_core_right_foot,w_mean,w_head,w_neck,w_chest,w_back,w_pelvis,w_left_shoulder,w_left_arm,w_left_hand,w_right_shoulder,w_right_arm,w_right_hand,w_left_thigh,w_left_leg,w_left_foot,w_right_thigh,w_right_leg,w_right_foot,weight_loss_by_evap_and_res,cardiac_output,q_thermogenesis_total,q_res,q_skin2env_head,q_skin2env_neck,q_skin2env_chest,q_skin2env_back,q_skin2env_pelvis,q_skin2env_left_shoulder,q_skin2env_left_arm,q_skin2env_left_hand,q_skin2env_right_shoulder,q_skin2env_right_arm,q_skin2env_right_hand,q_skin2env_left_thigh,q_skin2env_left_leg,q_skin2env_left_foot,q_skin2env_right_thigh,q_skin2env_right_leg,q_skin2env_right_foot
-,-,sec,sec,°C,°C,°C,°C,°C,°C,°C,°C,°C,°C,°C,°C,°C,°C,°C,°C,°C,°C,°C,°C,°C,°C,°C,°C,°C,°C,°C,°C,°C,°C,°C,°C,°C,°C,°C,-,-,-,-,-,-,-,-,-,-,-,-,-,-,-,-,-,-,g/sec,L/h,W,W,W,W,W,W,W,W,W,W,W,W,W,W,W,W,W,W,W
version of pythermalcomfort,the counts of executing one cycle calculation,simulation times,time step,mean skin temperature,skin temperature (head),skin temperature (neck),skin temperature (chest),skin temperature (back),skin temperature (pelvis),skin temperature (left shoulder),skin temperature (left arm),skin temperature (left hand),skin temperature (right shoulder),skin temperature (right arm),skin temperature (right hand),skin temperature (left thigh),skin temperature (left leg),skin temperature (left foot),skin temperature (right thigh),skin temperature (right leg),skin temperature (right foot),core temperature (head),core temperature (neck),core temperature (chest),core temperature (back),core temperature (pelvis),core temperature (left shoulder),core temperature (left arm),core temperature (left hand),core temperature (right shoulder),core temperature (right arm),core temperature (right hand),core temperature (left thigh),core temperature (left leg),core temperature (left foot),core temperature (right thigh),core temperature (right leg),core temperature (right foot),mean skin wettedness,skin wettedness (head),skin wettedness (neck),skin wettedness (chest),skin wettedness (back),skin wettedness (pelvis),skin wettedness (left shoulder),skin wettedness (left arm),skin wettedness (left hand),skin wettedness (right shoulder),skin wettedness (right arm),skin wettedness (right hand),skin wettedness (left thigh),skin wettedness (left leg),skin wettedness (left foot),skin wettedness (right thigh),skin wettedness (right leg),skin wettedness (right foot),weight loss by the evaporation and respiration of the whole body,cardiac output (the sum of the whole blood flow),total thermogenesis of the whole body,heat loss by respiration,total heat loss from the skin (head),total heat loss from the skin (neck),total heat loss from the skin (chest),total heat loss from the skin (back),total heat loss from the skin (pelvis),total heat loss from the skin (left shoulder),total heat loss from the skin (left arm),total heat loss from the skin (left hand),total heat loss from the skin (right shoulder),total heat loss from the skin (right arm),total heat loss from the skin (right hand),total heat loss from the skin (left thigh),total heat loss from the skin (left leg),total heat loss from the skin (left foot),total heat loss from the skin (right thigh),total heat loss from the skin (right leg),total heat loss from the skin (right foot)
2.10.0,0,0:00:00,60000,34.5,34.93,35.03,34.68,34.61,35.81,34.31,33.92,34.27,34.31,33.92,34.27,34.24,34.03,34.11,34.24,34.03,34.11,37.1,36.66,36.88,36.93,37.07,36.07,35.55,34.79,36.07,35.55,34.79,36.46,36.1,34.53,36.46,36.1,34.53,0.06,0.06,0.06,0.06,0.06,0.06,0.06,0.06,0.06,0.06,0.06,0.06,0.06,0.06,0.06,0.06,0.06,0.06,0.0098,279.0,94.35,6.93,7.0,1.88,8.05,7.06,11.77,4.73,2.84,2.39,4.73,2.84,2.39,9.1,4.35,2.41,9.1,4.35,2.41
2.10.0,1,0:01:00,60,34.43,34.91,35.01,34.65,34.41,35.76,34.13,33.92,34.43,34.13,33.92,34.43,34.11,33.91,34.18,34.11,33.91,34.18,37.09,36.65,36.87,36.93,37.07,36.06,35.55,34.89,36.06,35.55,34.89,36.46,36.1,34.6,36.46,36.1,34.6,0.06,0.06,0.06,0.06,0.06,0.06,0.06,0.06,0.06,0.06,0.06,0.06,0.06,0.06,0.06,0.06,0.06,0.06,0.01286,281.4,90.57,7.59,7.32,1.96,8.7,11.7,14.6,6.29,3.79,3.47,6.29,3.79,3.47,12.16,6.39,3.73,12.16,6.39,3.73
2.10.0,2,0:02:00,60,34.37,34.89,34.99,34.62,34.24,35.73,34.02,33.95,34.55,34.02,33.95,34.55,34.0,33.83,34.24,34.0,33.83,34.24,37.08,36.64,36.86,36.92,37.07,36.06,35.55,34.98,36.06,35.55,34.98,36.45,36.09,34.66,36.45,36.09,34.66,0.06,0.06,0.06,0.06,0.06,0.06,0.06,0.06,0.06,0.06,0.06,0.06,0.06,0.06,0.06,0.06,0.06,0.06,0.01281,280.8,90.76,7.6,7.3,1.95,8.66,11.4,14.51,6.14,3.79,3.55,6.14,3.79,3.55,11.93,6.27,3.77,11.93,6.27,3.77
2.10.0,3,0:03:00,60,34.33,34.88,34.97,34.59,34.1,35.71,33.96,33.97,34.62,33.96,33.97,34.62,33.92,33.77,34.28,33.92,33.77,34.28,37.07,36.63,36.85,36.91,37.06,36.05,35.55,35.06,36.05,35.55,35.06,36.44,36.09,34.71,36.44,36.09,34.71,0.06,0.06,0.06,0.06,0.06,0.06,0.06,0.06,0.06,0.06,0.06,0.06,0.06,0.06,0.06,0.06,0.06,0.06,0.01277,280.3,90.93,7.62,7.29,1.95,8.63,11.14,14.46,6.04,3.81,3.61,6.04,3.81,3.61,11.75,6.19,3.8,11.75,6.19,3.8
2.10.0,4,0:04:00,60,34.29,34.86,34.95,34.56,33.98,35.69,33.91,34.0,34.66,33.91,34.0,34.66,33.85,33.72,34.3,33.85,33.72,34.3,37.06,36.61,36.84,36.9,37.06,36.04,35.55,35.12,36.04,35.55,35.12,36.44,36.08,34.75,36.44,36.08,34.75,0.06,0.06,0.06,0.06,0.06,0.06,0.06,0.06,0.06,0.06,0.06,0.06,0.06,0.06,0.06,0.06,0.06,0.06,0.01274,279.8,91.1,7.63,7.27,1.94,8.59,10.92,14.42,5.98,3.82,3.64,5.98,3.82,3.64,11.6,6.14,3.82,11.6,6.14,3.82
2.10.0,5,0:05:00,60,34.26,34.85,34.94,34.54,33.87,35.67,33.89,34.02,34.7,33.89,34.02,34.7,33.79,33.68,34.31,33.79,33.68,34.31,37.05,36.61,36.84,36.89,37.05,36.03,35.55,35.17,36.03,35.55,35.17,36.43,36.07,34.78,36.43,36.07,34.78,0.06,0.06,0.06,0.06,0.06,0.06,0.06,0.06,0.06,0.06,0.06,0.06,0.06,0.06,0.06,0.06,0.06,0.06,0.01272,279.4,91.27,7.65,7.26,1.94,8.56,10.73,14.39,5.95,3.83,3.66,5.95,3.83,3.66,11.48,6.09,3.83,11.48,6.09,3.83
2.10.0,6,0:06:00,60,34.24,34.84,34.92,34.51,33.78,35.65,33.87,34.03,34.72,33.87,34.03,34.72,33.74,33.65,34.32,33.74,33.65,34.32,37.04,36.6,36.83,36.88,37.05,36.03,35.56,35.21,36.03,35.56,35.21,36.42,36.07,34.8,36.42,36.07,34.8,0.06,0.06,0.06,0.06,0.06,0.06,0.06,0.06,0.06,0.06,0.06,0.06,0.06,0.06,0.06,0.06,0.06,0.06,0.0127,279.1,91.43,7.66,7.25,1.93,8.53,10.57,14.36,5.92,3.84,3.68,5.92,3.84,3.68,11.38,6.06,3.84,11.38,6.06,3.84
2.10.0,7,0:07:00,60,34.21,34.83,34.91,34.48,33.7,35.64,33.86,34.04,34.73,33.86,34.04,34.73,33.7,33.63,34.32,33.7,33.63,34.32,37.03,36.59,36.82,36.87,37.04,36.02,35.56,35.23,36.02,35.56,35.23,36.41,36.06,34.81,36.41,36.06,34.81,0.06,0.06,0.06,0.06,0.06,0.06,0.06,0.06,0.06,0.06,0.06,0.06,0.06,0.06,0.06,0.06,0.06,0.06,0.01268,278.8,91.58,7.67,7.24,1.93,8.49,10.42,14.33,5.91,3.85,3.69,5.91,3.85,3.69,11.3,6.03,3.84,11.3,6.03,3.84
2.10.0,8,0:08:00,60,34.19,34.81,34.9,34.45,33.63,35.63,33.85,34.04,34.74,33.85,34.04,34.74,33.67,33.6,34.31,33.67,33.6,34.31,37.02,36.58,36.81,36.86,37.04,36.01,35.56,35.25,36.01,35.56,35.25,36.4,36.05,34.81,36.4,36.05,34.81,0.06,0.06,0.06,0.06,0.06,0.06,0.06,0.06,0.06,0.06,0.06,0.06,0.06,0.06,0.06,0.06,0.06,0.06,0.01267,278.6,91.73,7.69,7.22,1.93,8.46,10.3,14.31,5.9,3.86,3.7,5.9,3.86,3.7,11.23,6.0,3.84,11.23,6.0,3.84
2.10.0,9,0:09:00,60,34.17,34.8,34.89,34.43,33.57,35.61,33.84,34.05,34.75,33.84,34.05,34.75,33.64,33.58,34.3,33.64,33.58,34.3,37.01,36.58,36.8,36.85,37.03,36.01,35.56,35.27,36.01,35.56,35.27,36.39,36.04,34.81,36.39,36.04,34.81,0.06,0.06,0.06,0.06,0.06,0.06,0.06,0.06,0.06,0.06,0.06,0.06,0.06,0.06,0.06,0.06,0.06,0.06,0.01266,278.4,91.87,7.7,7.21,1.92,8.43,10.19,14.28,5.89,3.86,3.7,5.89,3.86,3.7,11.17,5.98,3.84,11.17,5.98,3.84
2.10.0,10,0:10:00,60,34.15,34.79,34.88,34.41,33.51,35.6,33.83,34.05,34.75,33.83,34.05,34.75,33.62,33.56,34.29,33.62,33.56,34.29,37.01,36.57,36.79,36.85,37.03,36.0,35.56,35.28,36.0,35.56,35.28,36.38,36.04,34.81,36.38,36.04,34.81,0.06,0.06,0.06,0.06,0.06,0.06,0.06,0.06,0.06,0.06,0.06,0.06,0.06,0.06,0.06,0.06,0.06,0.06,0.01265,278.2,92.0,7.71,7.2,1.92,8.4,10.09,14.26,5.88,3.86,3.7,5.88,3.86,3.7,11.13,5.96,3.83,11.13,5.96,3.83
2.10.0,11,0:11:00,60,34.13,34.78,34.87,34.38,33.46,35.59,33.83,34.05,34.75,33.83,34.05,34.75,33.6,33.55,34.27,33.6,33.55,34.27,37.0,36.57,36.79,36.84,37.02,35.99,35.57,35.28,35.99,35.57,35.28,36.37,36.03,34.8,36.37,36.03,34.8,0.06,0.06,0.06,0.06,0.06,0.06,0.06,0.06,0.06,0.06,0.06,0.06,0.06,0.06,0.06,0.06,0.06,0.06,0.01264,278.0,92.14,7.72,7.19,1.92,8.37,10.01,14.24,5.88,3.86,3.71,5.88,3.86,3.71,11.08,5.94,3.83,11.08,5.94,3.83
2.10.0,12,0:12:00,60,34.12,34.77,34.87,34.36,33.42,35.58,33.82,34.05,34.75,33.82,34.05,34.75,33.58,33.53,34.25,33.58,33.53,34.25,36.99,36.56,36.78,36.83,37.02,35.99,35.57,35.29,35.99,35.57,35.29,36.36,36.02,34.78,36.36,36.02,34.78,0.06,0.06,0.06,0.06,0.06,0.06,0.06,0.06,0.06,0.06,0.06,0.06,0.06,0.06,0.06,0.06,0.06,0.06,0.01263,277.9,92.26,7.73,7.18,1.92,8.34,9.93,14.22,5.87,3.86,3.7,5.87,3.86,3.7,11.05,5.92,3.82,11.05,5.92,3.82
2.10.0,13,0:13:00,60,34.1,34.76,34.86,34.34,33.38,35.56,33.82,34.05,34.74,33.82,34.05,34.74,33.56,33.51,34.23,33.56,33.51,34.23,36.99,36.56,36.77,36.82,37.01,35.98,35.57,35.29,35.98,35.57,35.29,36.35,36.01,34.77,36.35,36.01,34.77,0.06,0.06,0.06,0.06,0.06,0.06,0.06,0.06,0.06,0.06,0.06,0.06,0.06,0.06,0.06,0.06,0.06,0.06,0.01262,277.8,92.39,7.74,7.17,1.91,8.32,9.87,14.2,5.86,3.86,3.7,5.86,3.86,3.7,11.01,5.91,3.81,11.01,5.91,3.81
2.10.0,14,0:14:00,60,34.09,34.75,34.85,34.32,33.35,35.55,33.81,34.04,34.74,33.81,34.04,34.74,33.54,33.49,34.21,33.54,33.49,34.21,36.98,36.55,36.77,36.82,37.01,35.97,35.57,35.28,35.97,35.57,35.28,36.35,36.01,34.75,36.35,36.01,34.75,0.06,0.06,0.06,0.06,0.06,0.06,0.06,0.06,0.06,0.06,0.06,0.06,0.06,0.06,0.06,0.06,0.06,0.06,0.01261,277.7,92.51,7.75,7.16,1.91,8.29,9.81,14.18,5.86,3.86,3.7,5.86,3.86,3.7,10.98,5.89,3.8,10.98,5.89,3.8
2.10.0,15,0:15:00,60,34.07,34.74,34.85,34.3,33.32,35.54,33.8,34.04,34.73,33.8,34.04,34.73,33.53,33.48,34.19,33.53,33.48,34.19,36.98,36.55,36.76,36.81,37.0,35.97,35.57,35.28,35.97,35.57,35.28,36.34,36.0,34.73,36.34,36.0,34.73,0.06,0.06,0.06,0.06,0.06,0.06,0.06,0.06,0.06,0.06,0.06,0.06,0.06,0.06,0.06,0.06,0.06,0.06,0.0126,277.5,92.62,7.76,7.15,1.91,8.27,9.75,14.16,5.85,3.86,3.7,5.85,3.86,3.7,10.96,5.87,3.79,10.96,5.87,3.79
2.10.0,16,0:16:00,60,34.06,34.73,34.84,34.28,33.29,35.53,33.8,34.03,34.72,33.8,34.03,34.72,33.52,33.46,34.17,33.52,33.46,34.17,36.97,36.54,36.75,36.8,37.0,35.96,35.57,35.28,35.96,35.57,35.28,36.33,35.99,34.71,36.33,35.99,34.71,0.06,0.06,0.06,0.06,0.06,0.06,0.06,0.06,0.06,0.06,0.06,0.06,0.06,0.06,0.06,0.06,0.06,0.06,0.0126,277.4,92.74,7.77,7.14,1.91,8.25,9.71,14.14,5.85,3.86,3.7,5.85,3.86,3.7,10.93,5.86,3.77,10.93,5.86,3.77
2.10.0,17,0:17:00,60,34.05,34.72,34.83,34.27,33.26,35.53,33.79,34.03,34.71,33.79,34.03,34.71,33.5,33.44,34.14,33.5,33.44,34.14,36.96,36.54,36.75,36.8,36.99,35.96,35.57,35.27,35.96,35.57,35.27,36.32,35.98,34.69,36.32,35.98,34.69,0.06,0.06,0.06,0.06,0.06,0.06,0.06,0.06,0.06,0.06,0.06,0.06,0.06,0.06,0.06,0.06,0.06,0.06,0.01259,277.3,92.85,7.78,7.14,1.91,8.23,9.66,14.13,5.84,3.85,3.69,5.84,3.85,3.69,10.91,5.84,3.76,10.91,5.84,3.76
2.10.0,18,0:18:00,60,34.03,34.72,34.83,34.25,33.24,35.52,33.78,34.02,34.7,33.78,34.02,34.7,33.49,33.43,34.12,33.49,33.43,34.12,36.96,36.53,36.74,36.79,36.99,35.95,35.57,35.26,35.95,35.57,35.26,36.31,35.97,34.67,36.31,35.97,34.67,0.06,0.06,0.06,0.06,0.06,0.06,0.06,0.06,0.06,0.06,0.06,0.06,0.06,0.06,0.06,0.06,0.06,0.06,0.01258,277.2,92.96,7.79,7.13,1.91,8.21,9.62,14.11,5.84,3.85,3.69,5.84,3.85,3.69,10.89,5.83,3.75,10.89,5.83,3.75
2.10.0,19,0:19:00,60,34.02,34.71,34.82,34.24,33.22,35.51,33.77,34.01,34.69,33.77,34.01,34.69,33.48,33.41,34.09,33.48,33.41,34.09,36.95,36.53,36.74,36.78,36.98,35.95,35.57,35.26,35.95,35.57,35.26,36.3,35.96,34.65,36.3,35.96,34.65,0.06,0.06,0.06,0.06,0.06,0.06,0.06,0.06,0.06,0.06,0.06,0.06,0.06,0.06,0.06,0.06,0.06,0.06,0.01258,277.1,93.07,7.8,7.12,1.9,8.19,9.59,14.1,5.83,3.84,3.68,5.83,3.84,3.68,10.86,5.81,3.73,10.86,5.81,3.73
2.10.0,20,0:20:00,60,34.01,34.7,34.82,34.22,33.2,35.5,33.77,34.0,34.68,33.77,34.0,34.68,33.47,33.39,34.06,33.47,33.39,34.06,36.95,36.52,36.73,36.78,36.98,35.94,35.57,35.25,35.94,35.57,35.25,36.29,35.96,34.62,36.29,35.96,34.62,0.06,0.06,0.06,0.06,0.06,0.06,0.06,0.06,0.06,0.06,0.06,0.06,0.06,0.06,0.06,0.06,0.06,0.06,0.01257,277.0,93.18,7.81,7.11,1.9,8.17,9.55,14.08,5.82,3.84,3.68,5.82,3.84,3.68,10.84,5.79,3.72,10.84,5.79,3.72
2.10.0,21,0:21:00,60,33.99,34.69,34.81,34.21,33.18,35.49,33.76,33.99,34.66,33.76,33.99,34.66,33.46,33.38,34.03,33.46,33.38,34.03,36.94,36.52,36.72,36.77,36.97,35.94,35.57,35.24,35.94,35.57,35.24,36.28,35.95,34.6,36.28,35.95,34.6,0.06,0.06,0.06,0.06,0.06,0.06,0.06,0.06,0.06,0.06,0.06,0.06,0.06,0.06,0.06,0.06,0.06,0.06,0.01256,276.9,93.28,7.82,7.11,1.9,8.15,9.52,14.07,5.81,3.83,3.67,5.81,3.83,3.67,10.83,5.78,3.7,10.83,5.78,3.7
2.10.0,22,0:22:00,60,33.98,34.69,34.81,34.19,33.16,35.48,33.75,33.98,34.65,33.75,33.98,34.65,33.45,33.36,34.01,33.45,33.36,34.01,36.94,36.51,36.72,36.77,36.97,35.93,35.57,35.23,35.93,35.57,35.23,36.27,35.94,34.57,36.27,35.94,34.57,0.06,0.06,0.06,0.06,0.06,0.06,0.06,0.06,0.06,0.06,0.06,0.06,0.06,0.06,0.06,0.06,0.06,0.06,0.01256,276.8,93.39,7.83,7.1,1.9,8.13,9.49,14.05,5.81,3.83,3.66,5.81,3.83,3.66,10.81,5.76,3.69,10.81,5.76,3.69
2.10.0,23,0:23:00,60,33.97,34.68,34.8,34.18,33.14,35.48,33.74,33.96,34.63,33.74,33.96,34.63,33.44,33.34,33.98,33.44,33.34,33.98,36.94,36.51,36.71,36.76,36.96,35.92,35.56,35.21,35.92,35.56,35.21,36.26,35.93,34.55,36.26,35.93,34.55,0.06,0.06,0.06,0.06,0.06,0.06,0.06,0.06,0.06,0.06,0.06,0.06,0.06,0.06,0.06,0.06,0.06,0.06,0.01255,276.7,93.5,7.83,7.09,1.9,8.12,9.47,14.04,5.8,3.82,3.66,5.8,3.82,3.66,10.79,5.75,3.67,10.79,5.75,3.67
2.10.0,24,0:24:00,60,33.96,34.67,34.8,34.17,33.13,35.47,33.73,33.95,34.62,33.73,33.95,34.62,33.43,33.33,33.95,33.43,33.33,33.95,36.93,36.51,36.71,36.76,36.96,35.92,35.56,35.2,35.92,35.56,35.2,36.25,35.92,34.52,36.25,35.92,34.52,0.06,0.06,0.06,0.06,0.06,0.06,0.06,0.06,0.06,0.06,0.06,0.06,0.06,0.06,0.06,0.06,0.06,0.06,0.01255,276.6,93.6,7.84,7.09,1.9,8.1,9.44,14.03,5.79,3.81,3.65,5.79,3.81,3.65,10.77,5.73,3.66,10.77,5.73,3.66
2.10.0,25,0:25:00,60,33.95,34.67,34.79,34.15,33.12,35.46,33.72,33.94,34.6,33.72,33.94,34.6,33.42,33.31,33.92,33.42,33.31,33.92,36.93,36.5,36.7,36.75,36.96,35.91,35.56,35.19,35.91,35.56,35.19,36.25,35.91,34.49,36.25,35.91,34.49,0.06,0.06,0.06,0.06,0.06,0.06,0.06,0.06,0.06,0.06,0.06,0.06,0.06,0.06,0.06,0.06,0.06,0.06,0.01254,276.5,93.7,7.85,7.08,1.9,8.09,9.42,14.01,5.78,3.81,3.64,5.78,3.81,3.64,10.75,5.72,3.64,10.75,5.72,3.64
2.10.0,26,0:26:00,60,33.93,34.66,34.79,34.14,33.1,35.46,33.71,33.93,34.59,33.71,33.93,34.59,33.41,33.3,33.89,33.41,33.3,33.89,36.92,36.5,36.7,36.75,36.95,35.91,35.56,35.18,35.91,35.56,35.18,36.24,35.91,34.47,36.24,35.91,34.47,0.06,0.06,0.06,0.06,0.06,0.06,0.06,0.06,0.06,0.06,0.06,0.06,0.06,0.06,0.06,0.06,0.06,0.06,0.01253,276.4,93.8,7.86,7.07,1.9,8.07,9.4,14.0,5.78,3.8,3.63,5.78,3.8,3.63,10.74,5.7,3.62,10.74,5.7,3.62
2.10.0,27,0:27:00,60,33.92,34.66,34.78,34.13,33.09,35.45,33.7,33.92,34.57,33.7,33.92,34.57,33.4,33.28,33.86,33.4,33.28,33.86,36.92,36.5,36.7,36.74,36.95,35.9,35.56,35.17,35.9,35.56,35.17,36.23,35.9,34.44,36.23,35.9,34.44,0.06,0.06,0.06,0.06,0.06,0.06,0.06,0.06,0.06,0.06,0.06,0.06,0.06,0.06,0.06,0.06,0.06,0.06,0.01253,276.4,93.9,7.87,7.07,1.89,8.06,9.38,13.99,5.77,3.79,3.63,5.77,3.79,3.63,10.72,5.69,3.61,10.72,5.69,3.61
2.10.0,28,0:28:00,60,33.91,34.65,34.78,34.12,33.08,35.44,33.69,33.91,34.56,33.69,33.91,34.56,33.39,33.26,33.83,33.39,33.26,33.83,36.91,36.49,36.69,36.74,36.94,35.9,35.55,35.15,35.9,35.55,35.15,36.22,35.89,34.41,36.22,35.89,34.41,0.06,0.06,0.06,0.06,0.06,0.06,0.06,0.06,0.06,0.06,0.06,0.06,0.06,0.06,0.06,0.06,0.06,0.06,0.01252,276.3,94.0,7.88,7.06,1.89,8.04,9.36,13.98,5.76,3.79,3.62,5.76,3.79,3.62,10.71,5.67,3.59,10.71,5.67,3.59
2.10.0,29,0:29:00,60,33.9,34.65,34.77,34.11,33.07,35.44,33.69,33.89,34.54,33.69,33.89,34.54,33.38,33.25,33.8,33.38,33.25,33.8,36.91,36.49,36.69,36.74,36.94,35.89,35.55,35.14,35.89,35.55,35.14,36.21,35.88,34.38,36.21,35.88,34.38,0.06,0.06,0.06,0.06,0.06,0.06,0.06,0.06,0.06,0.06,0.06,0.06,0.06,0.06,0.06,0.06,0.06,0.06,0.01252,276.2,94.1,7.89,7.06,1.89,8.03,9.34,13.97,5.75,3.78,3.61,5.75,3.78,3.61,10.69,5.66,3.58,10.69,5.66,3.58
2.10.0,30,0:30:00,60,33.89,34.64,34.77,34.1,33.06,35.43,33.68,33.88,34.53,33.68,33.88,34.53,33.37,33.23,33.77,33.37,33.23,33.77,36.91,36.49,36.68,36.73,36.93,35.89,35.55,35.13,35.89,35.55,35.13,36.2,35.87,34.35,36.2,35.87,34.35,0.06,0.06,0.06,0.06,0.06,0.06,0.06,0.06,0.06,0.06,0.06,0.06,0.06,0.06,0.06,0.06,0.06,0.06,0.01251,276.2,94.2,7.89,7.05,1.89,8.02,9.32,13.96,5.75,3.78,3.61,5.75,3.78,3.61,10.68,5.64,3.56,10.68,5.64,3.56
2.10.0,31,0:31:00,60,33.88,34.63,34.77,34.09,33.05,35.42,33.67,33.87,34.51,33.67,33.87,34.51,33.37,33.22,33.74,33.37,33.22,33.74,36.9,36.48,36.68,36.73,36.93,35.88,35.54,35.12,35.88,35.54,35.12,36.19,35.86,34.33,36.19,35.86,34.33,0.06,0.06,0.06,0.06,0.06,0.06,0.06,0.06,0.06,0.06,0.06,0.06,0.06,0.06,0.06,0.06,0.06,0.06,0.01251,276.1,94.3,7.9,7.05,1.89,8.01,9.31,13.95,5.74,3.77,3.6,5.74,3.77,3.6,10.66,5.63,3.54,10.66,5.63,3.54
2.10.0,32,0:32:00,60,33.87,34.63,34.76,34.08,33.04,35.42,33.66,33.86,34.5,33.66,33.86,34.5,33.36,33.2,33.71,33.36,33.2,33.71,36.9,36.48,36.68,36.72,36.93,35.88,35.54,35.1,35.88,35.54,35.1,36.19,35.85,34.3,36.19,35.85,34.3,0.06,0.06,0.06,0.06,0.06,0.06,0.06,0.06,0.06,0.06,0.06,0.06,0.06,0.06,0.06,0.06,0.06,0.06,0.0125,276.1,94.39,7.91,7.04,1.89,8.0,9.29,13.94,5.73,3.76,3.59,5.73,3.76,3.59,10.65,5.61,3.53,10.65,5.61,3.53
2.10.0,33,0:33:00,60,33.86,34.63,34.76,34.07,33.03,35.41,33.65,33.85,34.49,33.65,33.85,34.49,33.35,33.19,33.68,33.35,33.19,33.68,36.9,36.48,36.67,36.72,36.92,35.87,35.53,35.09,35.87,35.53,35.09,36.18,35.85,34.27,36.18,35.85,34.27,0.06,0.06,0.06,0.06,0.06,0.06,0.06,0.06,0.06,0.06,0.06,0.06,0.06,0.06,0.06,0.06,0.06,0.06,0.0125,276.0,94.49,7.92,7.04,1.89,7.98,9.28,13.93,5.72,3.76,3.58,5.72,3.76,3.58,10.63,5.6,3.51,10.63,5.6,3.51
2.10.0,34,0:34:00,60,33.85,34.62,34.75,34.06,33.02,35.41,33.65,33.84,34.47,33.65,33.84,34.47,33.34,33.18,33.65,33.34,33.18,33.65,36.89,36.47,36.67,36.72,36.92,35.87,35.53,35.08,35.87,35.53,35.08,36.17,35.84,34.24,36.17,35.84,34.24,0.06,0.06,0.06,0.06,0.06,0.06,0.06,0.06,0.06,0.06,0.06,0.06,0.06,0.06,0.06,0.06,0.06,0.06,0.01249,276.0,94.58,7.93,7.03,1.89,7.97,9.26,13.92,5.72,3.75,3.58,5.72,3.75,3.58,10.62,5.58,3.5,10.62,5.58,3.5
2.10.0,35,0:35:00,60,33.84,34.62,34.75,34.05,33.01,35.4,33.64,33.83,34.46,33.64,33.83,34.46,33.33,33.16,33.62,33.33,33.16,33.62,36.89,36.47,36.66,36.71,36.91,35.86,35.53,35.07,35.86,35.53,35.07,36.16,35.83,34.21,36.16,35.83,34.21,0.06,0.06,0.06,0.06,0.06,0.06,0.06,0.06,0.06,0.06,0.06,0.06,0.06,0.06,0.06,0.06,0.06,0.06,0.01249,275.9,94.67,7.93,7.03,1.89,7.96,9.25,13.91,5.71,3.74,3.57,5.71,3.74,3.57,10.6,5.57,3.48,10.6,5.57,3.48
2.10.0,36,0:36:00,60,33.83,34.61,34.75,34.04,33.0,35.4,33.63,33.82,34.44,33.63,33.82,34.44,33.33,33.15,33.6,33.33,33.15,33.6,36.89,36.47,36.66,36.71,36.91,35.86,35.52,35.06,35.86,35.52,35.06,36.15,35.82,34.18,36.15,35.82,34.18,0.06,0.06,0.06,0.06,0.06,0.06,0.06,0.06,0.06,0.06,0.06,0.06,0.06,0.06,0.06,0.06,0.06,0.06,0.01248,275.9,94.76,7.94,7.02,1.89,7.95,9.23,13.9,5.7,3.74,3.56,5.7,3.74,3.56,10.59,5.56,3.46,10.59,5.56,3.46
2.10.0,37,0:37:00,60,33.82,34.61,34.74,34.04,32.99,35.39,33.62,33.81,34.43,33.62,33.81,34.43,33.32,33.13,33.57,33.32,33.13,33.57,36.88,36.47,36.66,36.71,36.91,35.85,35.52,35.05,35.85,35.52,35.05,36.15,35.81,34.15,36.15,35.81,34.15,0.06,0.06,0.06,0.06,0.06,0.06,0.06,0.06,0.06,0.06,0.06,0.06,0.06,0.06,0.06,0.06,0.06,0.06,0.01248,275.9,94.85,7.95,7.02,1.88,7.94,9.22,13.89,5.7,3.73,3.56,5.7,3.73,3.56,10.58,5.54,3.45,10.58,5.54,3.45
2.10.0,38,0:38:00,60,33.81,34.6,34.74,34.03,32.98,35.39,33.61,33.79,34.42,33.61,33.79,34.42,33.31,33.12,33.54,33.31,33.12,33.54,36.88,36.46,36.65,36.7,36.9,35.85,35.51,35.03,35.85,35.51,35.03,36.14,35.8,34.13,36.14,35.8,34.13,0.06,0.06,0.06,0.06,0.06,0.06,0.06,0.06,0.06,0.06,0.06,0.06,0.06,0.06,0.06,0.06,0.06,0.06,0.01247,275.8,94.94,7.96,7.02,1.88,7.93,9.21,13.88,5.69,3.73,3.55,5.69,3.73,3.55,10.57,5.53,3.43,10.57,5.53,3.43
2.10.0,39,0:39:00,60,33.8,34.6,34.74,34.02,32.98,35.38,33.61,33.78,34.4,33.61,33.78,34.4,33.3,33.11,33.51,33.3,33.11,33.51,36.88,36.46,36.65,36.7,36.9,35.84,35.51,35.02,35.84,35.51,35.02,36.13,35.79,34.1,36.13,35.79,34.1,0.06,0.06,0.06,0.06,0.06,0.06,0.06,0.06,0.06,0.06,0.06,0.06,0.06,0.06,0.06,0.06,0.06,0.06,0.01247,275.8,95.03,7.96,7.01,1.88,7.92,9.2,13.87,5.68,3.72,3.54,5.68,3.72,3.54,10.55,5.52,3.41,10.55,5.52,3.41
2.10.0,40,0:40:00,60,33.79,34.6,34.73,34.01,32.97,35.38,33.6,33.77,34.39,33.6,33.77,34.39,33.3,33.09,33.48,33.3,33.09,33.48,36.87,36.46,36.65,36.7,36.89,35.84,35.5,35.01,35.84,35.5,35.01,36.12,35.78,34.07,36.12,35.78,34.07,0.06,0.06,0.06,0.06,0.06,0.06,0.06,0.06,0.06,0.06,0.06,0.06,0.06,0.06,0.06,0.06,0.06,0.06,0.01247,275.7,95.12,7.97,7.01,1.88,7.91,9.19,13.86,5.68,3.71,3.54,5.68,3.71,3.54,10.54,5.51,3.4,10.54,5.51,3.4
2.10.0,41,0:41:00,60,33.78,34.59,34.73,34.01,32.96,35.37,33.59,33.76,34.38,33.59,33.76,34.38,33.29,33.08,33.45,33.29,33.08,33.45,36.87,36.46,36.64,36.69,36.89,35.83,35.5,35.0,35.83,35.5,35.0,36.12,35.77,34.04,36.12,35.77,34.04,0.06,0.06,0.06,0.06,0.06,0.06,0.06,0.06,0.06,0.06,0.06,0.06,0.06,0.06,0.06,0.06,0.06,0.06,0.01246,275.7,95.2,7.98,7.0,1.88,7.9,9.18,13.86,5.67,3.71,3.53,5.67,3.71,3.53,10.53,5.49,3.38,10.53,5.49,3.38
2.10.0,42,0:42:00,60,33.77,34.59,34.73,34.0,32.96,35.37,33.59,33.75,34.37,33.59,33.75,34.37,33.28,33.07,33.42,33.28,33.07,33.42,36.87,36.45,36.64,36.69,36.89,35.83,35.49,34.99,35.83,35.49,34.99,36.11,35.77,34.01,36.11,35.77,34.01,0.06,0.06,0.06,0.06,0.06,0.06,0.06,0.06,0.06,0.06,0.06,0.06,0.06,0.06,0.06,0.06,0.06,0.06,0.01246,275.7,95.29,7.98,7.0,1.88,7.9,9.16,13.85,5.66,3.7,3.53,5.66,3.7,3.53,10.52,5.48,3.37,10.52,5.48,3.37
2.10.0,43,0:43:00,60,33.76,34.59,34.73,33.99,32.95,35.36,33.58,33.74,34.35,33.58,33.74,34.35,33.28,33.05,33.39,33.28,33.05,33.39,36.87,36.45,36.64,36.69,36.88,35.82,35.49,34.98,35.82,35.49,34.98,36.1,35.76,33.98,36.1,35.76,33.98,0.06,0.06,0.06,0.06,0.06,0.06,0.06,0.06,0.06,0.06,0.06,0.06,0.06,0.06,0.06,0.06,0.06,0.06,0.01245,275.7,95.37,7.99,7.0,1.88,7.89,9.15,13.84,5.66,3.7,3.52,5.66,3.7,3.52,10.5,5.47,3.35,10.5,5.47,3.35
2.10.0,44,0:44:00,60,33.75,34.58,34.72,33.98,32.94,35.36,33.57,33.73,34.34,33.57,33.73,34.34,33.27,33.04,33.36,33.27,33.04,33.36,36.86,36.45,36.63,36.69,36.88,35.82,35.48,34.97,35.82,35.48,34.97,36.09,35.75,33.95,36.09,35.75,33.95,0.06,0.06,0.06,0.06,0.06,0.06,0.06,0.06,0.06,0.06,0.06,0.06,0.06,0.06,0.06,0.06,0.06,0.06,0.01245,275.6,95.45,8.0,6.99,1.88,7.88,9.14,13.83,5.65,3.69,3.51,5.65,3.69,3.51,10.49,5.46,3.33,10.49,5.46,3.33
2.10.0,45,0:45:00,60,33.75,34.58,34.72,33.98,32.94,35.36,33.56,33.72,34.33,33.56,33.72,34.33,33.26,33.03,33.33,33.26,33.03,33.33,36.86,36.45,36.63,36.68,36.88,35.82,35.48,34.96,35.82,35.48,34.96,36.09,35.74,33.93,36.09,35.74,33.93,0.06,0.06,0.06,0.06,0.06,0.06,0.06,0.06,0.06,0.06,0.06,0.06,0.06,0.06,0.06,0.06,0.06,0.06,0.01245,275.6,95.54,8.01,6.99,1.88,7.87,9.13,13.83,5.64,3.68,3.51,5.64,3.68,3.51,10.48,5.45,3.32,10.48,5.45,3.32
2.10.0,46,0:46:00,60,33.74,34.58,34.72,33.97,32.93,35.35,33.56,33.71,34.32,33.56,33.71,34.32,33.26,33.02,33.3,33.26,33.02,33.3,36.86,36.44,36.63,36.68,36.87,35.81,35.47,34.95,35.81,35.47,34.95,36.08,35.73,33.9,36.08,35.73,33.9,0.06,0.06,0.06,0.06,0.06,0.06,0.06,0.06,0.06,0.06,0.06,0.06,0.06,0.06,0.06,0.06,0.06,0.06,0.01244,275.6,95.62,8.01,6.99,1.88,7.86,9.12,13.82,5.64,3.68,3.5,5.64,3.68,3.5,10.47,5.43,3.3,10.47,5.43,3.3
2.10.0,47,0:47:00,60,33.73,34.57,34.71,33.97,32.93,35.35,33.55,33.7,34.3,33.55,33.7,34.3,33.25,33.01,33.28,33.25,33.01,33.28,36.85,36.44,36.63,36.68,36.87,35.81,35.47,34.93,35.81,35.47,34.93,36.07,35.72,33.87,36.07,35.72,33.87,0.06,0.06,0.06,0.06,0.06,0.06,0.06,0.06,0.06,0.06,0.06,0.06,0.06,0.06,0.06,0.06,0.06,0.06,0.01244,275.6,95.7,8.02,6.98,1.88,7.86,9.12,13.81,5.63,3.67,3.5,5.63,3.67,3.5,10.46,5.42,3.29,10.46,5.42,3.29
2.10.0,48,0:48:00,60,33.72,34.57,34.71,33.96,32.92,35.34,33.54,33.69,34.29,33.54,33.69,34.29,33.25,32.99,33.25,33.25,32.99,33.25,36.85,36.44,36.62,36.67,36.87,35.8,35.46,34.92,35.8,35.46,34.92,36.07,35.71,33.84,36.07,35.71,33.84,0.06,0.06,0.06,0.06,0.06,0.06,0.06,0.06,0.06,0.06,0.06,0.06,0.06,0.06,0.06,0.06,0.06,0.06,0.01243,275.5,95.78,8.03,6.98,1.88,7.85,9.11,13.81,5.63,3.67,3.49,5.63,3.67,3.49,10.45,5.41,3.27,10.45,5.41,3.27
2.10.0,49,0:49:00,60,33.71,34.57,34.71,33.95,32.91,35.34,33.54,33.68,34.28,33.54,33.68,34.28,33.24,32.98,33.22,33.24,32.98,33.22,36.85,36.44,36.62,36.67,36.87,35.8,35.46,34.91,35.8,35.46,34.91,36.06,35.7,33.81,36.06,35.7,33.81,0.06,0.06,0.06,0.06,0.06,0.06,0.06,0.06,0.06,0.06,0.06,0.06,0.06,0.06,0.06,0.06,0.06,0.06,0.01243,275.5,95.85,8.03,6.98,1.88,7.84,9.1,13.8,5.62,3.66,3.48,5.62,3.66,3.48,10.44,5.4,3.26,10.44,5.4,3.26
2.10.0,50,0:50:00,60,33.7,34.56,34.71,33.95,32.91,35.34,33.53,33.67,34.27,33.53,33.67,34.27,33.23,32.97,33.19,33.23,32.97,33.19,36.85,36.44,36.62,36.67,36.86,35.79,35.45,34.9,35.79,35.45,34.9,36.05,35.7,33.78,36.05,35.7,33.78,0.06,0.06,0.06,0.06,0.06,0.06,0.06,0.06,0.06,0.06,0.06,0.06,0.06,0.06,0.06,0.06,0.06,0.06,0.01243,275.5,95.93,8.04,6.98,1.88,7.83,9.09,13.79,5.62,3.66,3.48,5.62,3.66,3.48,10.43,5.39,3.24,10.43,5.39,3.24
2.10.0,51,0:51:00,60,33.7,34.56,34.7,33.94,32.9,35.33,33.53,33.67,34.26,33.53,33.67,34.26,33.23,32.96,33.16,33.23,32.96,33.16,36.84,36.43,36.62,36.67,36.86,35.79,35.45,34.89,35.79,35.45,34.89,36.05,35.69,33.76,36.05,35.69,33.76,0.06,0.06,0.06,0.06,0.06,0.06,0.06,0.06,0.06,0.06,0.06,0.06,0.06,0.06,0.06,0.06,0.06,0.06,0.01242,275.5,96.01,8.04,6.97,1.87,7.83,9.08,13.79,5.61,3.65,3.47,5.61,3.65,3.47,10.42,5.38,3.22,10.42,5.38,3.22
2.10.0,52,0:52:00,60,33.69,34.56,34.7,33.94,32.9,35.33,33.52,33.66,34.25,33.52,33.66,34.25,33.22,32.95,33.13,33.22,32.95,33.13,36.84,36.43,36.61,36.66,36.86,35.79,35.44,34.88,35.79,35.44,34.88,36.04,35.68,33.73,36.04,35.68,33.73,0.06,0.06,0.06,0.06,0.06,0.06,0.06,0.06,0.06,0.06,0.06,0.06,0.06,0.06,0.06,0.06,0.06,0.06,0.01242,275.5,96.09,8.05,6.97,1.87,7.82,9.07,13.78,5.6,3.65,3.47,5.6,3.65,3.47,10.41,5.37,3.21,10.41,5.37,3.21
2.10.0,53,0:53:00,60,33.68,34.56,34.7,33.93,32.89,35.33,33.51,33.65,34.24,33.51,33.65,34.24,33.22,32.94,33.11,33.22,32.94,33.11,36.84,36.43,36.61,36.66,36.85,35.78,35.44,34.87,35.78,35.44,34.87,36.03,35.67,33.7,36.03,35.67,33.7,0.06,0.06,0.06,0.06,0.06,0.06,0.06,0.06,0.06,0.06,0.06,0.06,0.06,0.06,0.06,0.06,0.06,0.06,0.01242,275.5,96.18,8.06,6.97,1.87,7.82,9.07,13.77,5.6,3.64,3.46,5.6,3.64,3.46,10.4,5.36,3.19,10.4,5.36,3.19
2.10.0,54,0:54:00,60,33.67,34.55,34.7,33.93,32.89,35.32,33.51,33.64,34.22,33.51,33.64,34.22,33.21,32.93,33.08,33.21,32.93,33.08,36.84,36.43,36.61,36.66,36.85,35.78,35.43,34.86,35.78,35.43,34.86,36.03,35.66,33.67,36.03,35.66,33.67,0.06,0.06,0.06,0.06,0.06,0.06,0.06,0.06,0.06,0.06,0.06,0.06,0.06,0.06,0.06,0.06,0.06,0.06,0.01241,275.4,96.27,8.07,6.97,1.87,7.81,9.06,13.77,5.59,3.64,3.46,5.59,3.64,3.46,10.39,5.35,3.18,10.39,5.35,3.18
2.10.0,55,0:55:00,60,33.67,34.55,34.69,33.92,32.88,35.32,33.5,33.63,34.21,33.5,33.63,34.21,33.21,32.92,33.05,33.21,32.92,33.05,36.84,36.43,36.61,36.66,36.85,35.77,35.42,34.85,35.77,35.42,34.85,36.02,35.65,33.64,36.02,35.65,33.64,0.06,0.06,0.06,0.06,0.06,0.06,0.06,0.06,0.06,0.06,0.06,0.06,0.06,0.06,0.06,0.06,0.06,0.06,0.01241,275.4,96.36,8.07,6.96,1.87,7.8,9.05,13.76,5.59,3.63,3.45,5.59,3.63,3.45,10.38,5.34,3.16,10.38,5.34,3.16
2.10.0,56,0:56:00,60,33.66,34.55,34.69,33.92,32.88,35.32,33.5,33.62,34.2,33.5,33.62,34.2,33.2,32.91,33.02,33.2,32.91,33.02,36.83,36.43,36.6,36.66,36.85,35.77,35.42,34.85,35.77,35.42,34.85,36.01,35.64,33.62,36.01,35.64,33.62,0.06,0.06,0.06,0.06,0.06,0.06,0.06,0.06,0.06,0.06,0.06,0.06,0.06,0.06,0.06,0.06,0.06,0.06,0.01241,275.4,96.45,8.08,6.96,1.87,7.8,9.04,13.76,5.58,3.63,3.45,5.58,3.63,3.45,10.37,5.33,3.15,10.37,5.33,3.15
2.10.0,57,0:57:00,60,33.65,34.55,34.69,33.91,32.88,35.31,33.49,33.61,34.19,33.49,33.61,34.19,33.2,32.9,32.99,33.2,32.9,32.99,36.83,36.42,36.6,36.65,36.84,35.77,35.41,34.84,35.77,35.41,34.84,36.01,35.64,33.59,36.01,35.64,33.59,0.06,0.06,0.06,0.06,0.06,0.06,0.06,0.06,0.06,0.06,0.06,0.06,0.06,0.06,0.06,0.06,0.06,0.06,0.01241,275.4,96.54,8.09,6.96,1.87,7.79,9.04,13.75,5.58,3.62,3.44,5.58,3.62,3.44,10.36,5.32,3.13,10.36,5.32,3.13
2.10.0,58,0:58:00,60,33.65,34.54,34.69,33.91,32.87,35.31,33.49,33.6,34.18,33.49,33.6,34.18,33.19,32.89,32.97,33.19,32.89,32.97,36.83,36.42,36.6,36.65,36.84,35.76,35.41,34.83,35.76,35.41,34.83,36.0,35.63,33.56,36.0,35.63,33.56,0.06,0.06,0.06,0.06,0.06,0.06,0.06,0.06,0.06,0.06,0.06,0.06,0.06,0.06,0.06,0.06,0.06,0.06,0.0124,275.4,96.62,8.1,6.96,1.87,7.79,9.03,13.75,5.57,3.62,3.44,5.57,3.62,3.44,10.35,5.31,3.12,10.35,5.31,3.12
2.10.0,59,0:59:00,60,33.64,34.54,34.69,33.9,32.87,35.31,33.48,33.6,34.17,33.48,33.6,34.17,33.19,32.88,32.94,33.19,32.88,32.94,36.83,36.42,36.6,36.65,36.84,35.76,35.4,34.82,35.76,35.4,34.82,36.0,35.62,33.53,36.0,35.62,33.53,0.06,0.06,0.06,0.06,0.06,0.06,0.06,0.06,0.06,0.06,0.06,0.06,0.06,0.06,0.06,0.06,0.06,0.06,0.0124,275.4,96.71,8.1,6.95,1.87,7.78,9.02,13.74,5.57,3.61,3.43,5.57,3.61,3.43,10.34,5.3,3.1,10.34,5.3,3.1
2.10.0,60,1:00:00,60,33.63,34.54,34.68,33.9,32.86,35.3,33.47,33.59,34.16,33.47,33.59,34.16,33.18,32.87,32.91,33.18,32.87,32.91,36.83,36.42,36.6,36.65,36.84,35.75,35.4,34.81,35.75,35.4,34.81,35.99,35.61,33.51,35.99,35.61,33.51,0.06,0.06,0.06,0.06,0.06,0.06,0.06,0.06,0.06,0.06,0.06,0.06,0.06,0.06,0.06,0.06,0.06,0.06,0.0124,275.4,96.79,8.11,6.95,1.87,7.77,9.02,13.74,5.56,3.61,3.43,5.56,3.61,3.43,10.34,5.29,3.09,10.34,5.29,3.09
2.10.0,61,1:01:00,60,33.17,34.17,34.23,33.54,32.38,35.09,32.86,33.0,33.73,32.86,33.0,33.73,32.67,32.34,32.47,32.67,32.34,32.47,36.82,36.4,36.59,36.64,36.83,35.74,35.38,34.71,35.74,35.38,34.71,35.98,35.6,33.38,35.98,35.6,33.38,0.06,0.06,0.06,0.06,0.06,0.06,0.06,0.06,0.06,0.06,0.06,0.06,0.06,0.06,0.06,0.06,0.06,0.06,0.01426,275.4,96.87,10.17,13.93,3.71,16.56,20.08,26.19,11.92,7.66,6.88,11.92,7.66,6.88,23.1,12.34,7.14,23.1,12.34,7.14
2.10.0,62,1:02:00,60,32.8,33.93,33.9,33.22,31.96,34.97,32.38,32.55,33.38,32.38,32.55,33.38,32.24,31.89,32.09,32.24,31.89,32.09,36.81,36.4,36.58,36.64,36.83,35.72,35.36,34.55,35.72,35.36,34.55,35.96,35.58,33.17,35.96,35.58,33.17,0.06,0.06,0.06,0.06,0.06,0.06,0.06,0.06,0.06,0.06,0.06,0.06,0.06,0.06,0.06,0.06,0.06,0.06,0.01405,275.1,100.4,10.54,13.58,3.59,16.14,19.35,25.83,11.38,7.33,6.67,11.38,7.33,6.67,22.21,11.83,6.9,22.21,11.83,6.9
2.10.0,63,1:03:00,60,32.49,33.74,33.66,32.93,31.59,34.87,32.02,32.18,33.07,32.02,32.18,33.07,31.89,31.52,31.75,31.89,31.52,31.75,36.81,36.39,36.57,36.63,36.83,35.69,35.32,34.36,35.69,35.32,34.36,35.95,35.56,32.92,35.95,35.56,32.92,0.06,0.06,0.06,0.06,0.06,0.06,0.06,0.06,0.06,0.06,0.06,0.06,0.06,0.06,0.06,0.06,0.06,0.06,0.01388,275.5,103.36,10.85,13.35,3.51,15.76,18.7,25.61,10.97,7.08,6.5,10.97,7.08,6.5,21.48,11.42,6.69,21.48,11.42,6.69
2.10.0,64,1:04:00,60,32.23,33.59,33.48,32.68,31.26,34.79,31.72,31.87,32.78,31.72,31.87,32.78,31.59,31.21,31.46,31.59,31.21,31.46,36.8,36.39,36.56,36.63,36.83,35.67,35.29,34.16,35.67,35.29,34.16,35.93,35.53,32.66,35.93,35.53,32.66,0.06,0.06,0.06,0.06,0.06,0.06,0.06,0.06,0.06,0.06,0.06,0.06,0.06,0.06,0.06,0.06,0.06,0.06,0.01376,276.2,105.96,11.12,13.17,3.45,15.42,18.13,25.45,10.65,6.88,6.35,10.65,6.88,6.35,20.87,11.07,6.51,20.87,11.07,6.51
2.10.0,65,1:05:00,60,32.01,33.47,33.35,32.45,30.97,34.73,31.49,31.6,32.5,31.49,31.6,32.5,31.34,30.95,31.18,31.34,30.95,31.18,36.8,36.39,36.56,36.63,36.83,35.64,35.25,33.94,35.64,35.25,33.94,35.9,35.51,32.4,35.9,35.51,32.4,0.06,0.06,0.06,0.06,0.06,0.06,0.06,0.06,0.06,0.06,0.06,0.06,0.06,0.06,0.06,0.06,0.06,0.06,0.01366,276.9,108.3,11.37,13.03,3.41,15.12,17.63,25.32,10.4,6.7,6.21,10.4,6.7,6.21,20.36,10.77,6.35,20.36,10.77,6.35
2.10.0,66,1:06:00,60,31.81,33.36,33.26,32.24,30.72,34.67,31.3,31.38,32.23,31.3,31.38,32.23,31.13,30.72,30.93,31.13,30.72,30.93,36.79,36.39,36.55,36.62,36.83,35.61,35.2,33.71,35.61,35.2,33.71,35.88,35.48,32.14,35.88,35.48,32.14,0.06,0.06,0.06,0.06,0.06,0.06,0.06,0.06,0.06,0.06,0.06,0.06,0.06,0.06,0.06,0.06,0.06,0.06,0.01358,277.7,110.44,11.59,12.91,3.37,14.85,17.2,25.2,10.2,6.56,6.08,10.2,6.56,6.08,19.93,10.52,6.2,19.93,10.52,6.2
2.10.0,67,1:07:00,60,31.64,33.26,33.19,32.06,30.51,34.61,31.15,31.17,31.95,31.15,31.17,31.95,30.95,30.53,30.68,30.95,30.53,30.68,36.79,36.4,36.55,36.62,36.83,35.58,35.16,33.47,35.58,35.16,33.47,35.86,35.45,31.89,35.86,35.45,31.89,0.06,0.06,0.06,0.06,0.06,0.06,0.06,0.06,0.06,0.06,0.06,0.06,0.06,0.06,0.06,0.06,0.06,0.06,0.01352,278.5,112.41,11.8,12.8,3.35,14.61,16.82,25.1,10.03,6.43,5.95,10.03,6.43,5.95,19.57,10.31,6.06,19.57,10.31,6.06
2.10.0,68,1:08:00,60,31.49,33.18,33.14,31.9,30.32,34.56,31.02,31.0,31.68,31.02,31.0,31.68,30.8,30.37,30.45,30.8,30.37,30.45,36.78,36.4,36.54,36.62,36.83,35.55,35.11,33.22,35.55,35.11,33.22,35.83,35.42,31.64,35.83,35.42,31.64,0.06,0.06,0.06,0.06,0.06,0.06,0.06,0.06,0.06,0.06,0.06,0.06,0.06,0.06,0.06,0.06,0.06,0.06,0.01347,279.3,114.23,11.99,12.71,3.33,14.39,16.49,25.01,9.9,6.32,5.82,9.9,6.32,5.82,19.26,10.14,5.93,19.26,10.14,5.93
2.10.0,69,1:09:00,60,31.36,33.1,33.1,31.75,30.15,34.52,30.91,30.84,31.4,30.91,30.84,31.4,30.66,30.23,30.23,30.66,30.23,30.23,36.78,36.41,36.54,36.62,36.83,35.52,35.06,32.97,35.52,35.06,32.97,35.8,35.39,31.4,35.8,35.39,31.4,0.06,0.06,0.06,0.06,0.06,0.06,0.06,0.06,0.06,0.06,0.06,0.06,0.06,0.06,0.06,0.06,0.06,0.06,0.01342,280.0,115.93,12.17,12.63,3.32,14.2,16.2,24.92,9.79,6.22,5.69,9.79,6.22,5.69,18.99,9.98,5.8,18.99,9.98,5.8
2.10.0,70,1:10:00,60,31.24,33.04,33.07,31.62,30.0,34.48,30.83,30.7,31.13,30.83,30.7,31.13,30.55,30.11,30.01,30.55,30.11,30.01,36.78,36.41,36.53,36.62,36.83,35.49,35.01,32.71,35.49,35.01,32.71,35.78,35.36,31.18,35.78,35.36,31.18,0.06,0.06,0.06,0.06,0.06,0.06,0.06,0.06,0.06,0.06,0.06,0.06,0.06,0.06,0.06,0.06,0.06,0.06,0.01339,280.8,117.52,12.34,12.56,3.31,14.03,15.95,24.85,9.7,6.14,5.56,9.7,6.14,5.56,18.77,9.85,5.68,18.77,9.85,5.68
2.10.0,71,1:11:00,60,31.13,32.99,33.04,31.5,29.88,34.45,30.75,30.58,30.86,30.75,30.58,30.86,30.45,30.01,29.81,30.45,30.01,29.81,36.77,36.42,36.53,36.62,36.83,35.46,34.95,32.45,35.46,34.95,32.45,35.75,35.32,30.95,35.75,35.32,30.95,0.06,0.06,0.06,0.06,0.06,0.06,0.06,0.06,0.06,0.06,0.06,0.06,0.06,0.06,0.06,0.06,0.06,0.06,0.01336,281.5,119.02,12.49,12.5,3.3,13.88,15.73,24.78,9.62,6.06,5.43,9.62,6.06,5.43,18.57,9.74,5.57,18.57,9.74,5.57
2.10.0,72,1:12:00,60,31.04,32.94,33.03,31.4,29.77,34.41,30.69,30.47,30.59,30.69,30.47,30.59,30.37,29.92,29.61,30.37,29.92,29.61,36.77,36.42,36.53,36.61,36.83,35.43,34.9,32.18,35.43,34.9,32.18,35.72,35.29,30.74,35.72,35.29,30.74,0.06,0.06,0.06,0.06,0.06,0.06,0.06,0.06,0.06,0.06,0.06,0.06,0.06,0.06,0.06,0.06,0.06,0.06,0.01334,282.2,120.42,12.64,12.45,3.3,13.74,15.54,24.72,9.56,5.99,5.3,9.56,5.99,5.3,18.4,9.65,5.46,18.4,9.65,5.46
2.10.0,73,1:13:00,60,30.95,32.9,33.01,31.31,29.67,34.38,30.64,30.38,30.33,30.64,30.38,30.33,30.29,29.84,29.42,30.29,29.84,29.42,36.77,36.43,36.52,36.61,36.83,35.4,34.85,31.91,35.4,34.85,31.91,35.7,35.26,30.53,35.7,35.26,30.53,0.06,0.06,0.06,0.06,0.06,0.06,0.06,0.06,0.06,0.06,0.06,0.06,0.06,0.06,0.06,0.06,0.06,0.06,0.01332,282.9,121.75,12.78,12.41,3.29,13.62,15.37,24.67,9.51,5.94,5.17,9.51,5.94,5.17,18.26,9.56,5.35,18.26,9.56,5.35
2.10.0,74,1:14:00,60,30.87,32.86,33.0,31.23,29.58,34.36,30.59,30.3,30.08,30.59,30.3,30.08,30.22,29.77,29.23,30.22,29.77,29.23,36.76,36.43,36.52,36.61,36.83,35.38,34.79,31.66,35.38,34.79,31.66,35.67,35.23,30.33,35.67,35.23,30.33,0.06,0.06,0.06,0.06,0.06,0.06,0.06,0.06,0.06,0.06,0.06,0.06,0.06,0.06,0.06,0.06,0.06,0.06,0.01331,283.6,122.99,12.91,12.37,3.29,13.51,15.23,24.62,9.46,5.89,5.05,9.46,5.89,5.05,18.13,9.49,5.24,18.13,9.49,5.24
2.10.0,75,1:15:00,60,30.8,32.83,33.0,31.15,29.51,34.33,30.55,30.23,29.85,30.55,30.23,29.85,30.16,29.71,29.05,30.16,29.71,29.05,36.76,36.43,36.52,36.61,36.84,35.35,34.74,31.41,35.35,34.74,31.41,35.64,35.19,30.14,35.64,35.19,30.14,0.06,0.06,0.06,0.06,0.06,0.06,0.06,0.06,0.06,0.06,0.06,0.06,0.06,0.06,0.06,0.06,0.06,0.06,0.0133,284.3,124.18,13.04,12.33,3.29,13.42,15.1,24.57,9.42,5.84,4.93,9.42,5.84,4.93,18.01,9.42,5.14,18.01,9.42,5.14
2.10.0,76,1:16:00,60,30.74,32.8,32.99,31.09,29.44,34.31,30.51,30.17,29.64,30.51,30.17,29.64,30.11,29.65,28.88,30.11,29.65,28.88,36.76,36.43,36.51,36.61,36.84,35.33,34.69,31.18,35.33,34.69,31.18,35.62,35.16,29.95,35.62,35.16,29.95,0.06,0.06,0.06,0.06,0.06,0.06,0.06,0.06,0.06,0.06,0.06,0.06,0.06,0.06,0.06,0.06,0.06,0.06,0.0133,285.0,125.3,13.15,12.3,3.29,13.33,14.99,24.53,9.38,5.8,4.83,9.38,5.8,4.83,17.91,9.36,5.05,17.91,9.36,5.05
2.10.0,77,1:17:00,60,30.68,32.78,32.98,31.03,29.39,34.29,30.48,30.11,29.43,30.48,30.11,29.43,30.06,29.6,28.71,30.06,29.6,28.71,36.75,36.44,36.51,36.61,36.84,35.3,34.64,30.96,35.3,34.64,30.96,35.59,35.13,29.77,35.59,35.13,29.77,0.06,0.06,0.06,0.06,0.06,0.06,0.06,0.06,0.06,0.06,0.06,0.06,0.06,0.06,0.06,0.06,0.06,0.06,0.01329,285.7,126.38,13.27,12.28,3.28,13.25,14.89,24.5,9.35,5.77,4.72,9.35,5.77,4.72,17.82,9.31,4.96,17.82,9.31,4.96
2.10.0,78,1:18:00,60,30.62,32.76,32.98,30.97,29.34,34.28,30.45,30.05,29.23,30.45,30.05,29.23,30.02,29.55,28.55,30.02,29.55,28.55,36.75,36.44,36.51,36.61,36.84,35.28,34.59,30.75,35.28,34.59,30.75,35.56,35.1,29.59,35.56,35.1,29.59,0.06,0.06,0.06,0.06,0.06,0.06,0.06,0.06,0.06,0.06,0.06,0.06,0.06,0.06,0.06,0.06,0.06,0.06,0.01329,286.3,127.41,13.38,12.26,3.28,13.18,14.8,24.47,9.32,5.74,4.63,9.32,5.74,4.63,17.74,9.26,4.87,17.74,9.26,4.87
2.10.0,79,1:19:00,60,30.57,32.75,32.97,30.93,29.29,34.26,30.42,30.0,29.05,30.42,30.0,29.05,29.98,29.51,28.39,29.98,29.51,28.39,36.74,36.44,36.5,36.6,36.84,35.26,34.54,30.55,35.26,34.54,30.55,35.54,35.06,29.42,35.54,35.06,29.42,0.06,0.06,0.06,0.06,0.06,0.06,0.06,0.06,0.06,0.06,0.06,0.06,0.06,0.06,0.06,0.06,0.06,0.06,0.01329,287.0,128.4,13.48,12.24,3.28,13.12,14.73,24.44,9.3,5.71,4.54,9.3,5.71,4.54,17.67,9.22,4.78,17.67,9.22,4.78
2.10.0,80,1:20:00,60,30.52,32.74,32.97,30.88,29.25,34.25,30.4,29.96,28.87,30.4,29.96,28.87,29.95,29.47,28.24,29.95,29.47,28.24,36.74,36.44,36.5,36.6,36.84,35.24,34.49,30.36,35.24,34.49,30.36,35.51,35.03,29.26,35.51,35.03,29.26,0.06,0.06,0.06,0.06,0.06,0.06,0.06,0.06,0.06,0.06,0.06,0.06,0.06,0.06,0.06,0.06,0.06,0.06,0.01329,287.6,129.35,13.58,12.23,3.28,13.07,14.66,24.41,9.27,5.68,4.45,9.27,5.68,4.45,17.6,9.18,4.7,17.6,9.18,4.7
2.10.0,81,1:21:00,60,30.48,32.73,32.97,30.85,29.22,34.24,30.37,29.91,28.71,30.37,29.91,28.71,29.91,29.43,28.1,29.91,29.43,28.1,36.74,36.44,36.5,36.6,36.84,35.22,34.44,30.18,35.22,34.44,30.18,35.49,35.0,29.1,35.49,35.0,29.1,0.06,0.06,0.06,0.06,0.06,0.06,0.06,0.06,0.06,0.06,0.06,0.06,0.06,0.06,0.06,0.06,0.06,0.06,0.01329,288.2,130.23,13.67,12.22,3.28,13.02,14.6,24.39,9.25,5.65,4.37,9.25,5.65,4.37,17.54,9.14,4.61,17.54,9.14,4.61
2.10.0,82,1:22:00,60,30.44,32.72,32.96,30.81,29.19,34.23,30.35,29.87,28.55,30.35,29.87,28.55,29.88,29.4,27.96,29.88,29.4,27.96,36.73,36.44,36.5,36.6,36.84,35.19,34.39,30.01,35.19,34.39,30.01,35.46,34.97,28.95,35.46,34.97,28.95,0.06,0.06,0.06,0.06,0.06,0.06,0.06,0.06,0.06,0.06,0.06,0.06,0.06,0.06,0.06,0.06,0.06,0.06,0.01329,288.8,130.96,13.75,12.21,3.28,12.97,14.55,24.37,9.23,5.63,4.29,9.23,5.63,4.29,17.48,9.11,4.54,17.48,9.11,4.54
2.10.0,83,1:23:00,60,30.4,32.71,32.96,30.78,29.16,34.22,30.33,29.83,28.4,30.33,29.83,28.4,29.85,29.37,27.82,29.85,29.37,27.82,36.73,36.44,36.49,36.6,36.84,35.17,34.34,29.85,35.17,34.34,29.85,35.44,34.94,28.8,35.44,34.94,28.8,0.06,0.06,0.06,0.06,0.06,0.06,0.06,0.06,0.06,0.06,0.06,0.06,0.06,0.06,0.06,0.06,0.06,0.06,0.01329,289.3,131.66,13.82,12.2,3.28,12.93,14.5,24.35,9.21,5.61,4.22,9.21,5.61,4.22,17.43,9.07,4.46,17.43,9.07,4.46
2.10.0,84,1:24:00,60,30.37,32.71,32.96,30.75,29.14,34.21,30.31,29.79,28.26,30.31,29.79,28.26,29.83,29.34,27.69,29.83,29.34,27.69,36.73,36.44,36.49,36.6,36.84,35.16,34.3,29.7,35.16,34.3,29.7,35.41,34.91,28.66,35.41,34.91,28.66,0.06,0.06,0.06,0.06,0.06,0.06,0.06,0.06,0.06,0.06,0.06,0.06,0.06,0.06,0.06,0.06,0.06,0.06,0.01329,289.9,132.34,13.89,12.19,3.28,12.89,14.46,24.33,9.19,5.58,4.15,9.19,5.58,4.15,17.38,9.04,4.39,17.38,9.04,4.39
2.10.0,85,1:25:00,60,30.33,32.7,32.95,30.73,29.12,34.2,30.29,29.75,28.12,30.29,29.75,28.12,29.8,29.31,27.57,29.8,29.31,27.57,36.72,36.44,36.49,36.59,36.83,35.14,34.25,29.55,35.14,34.25,29.55,35.39,34.87,28.53,35.39,34.87,28.53,0.06,0.06,0.06,0.06,0.06,0.06,0.06,0.06,0.06,0.06,0.06,0.06,0.06,0.06,0.06,0.06,0.06,0.06,0.01329,290.4,133.0,13.96,12.19,3.28,12.86,14.43,24.31,9.18,5.56,4.08,9.18,5.56,4.08,17.33,9.02,4.32,17.33,9.02,4.32
2.10.0,86,1:26:00,60,30.3,32.7,32.95,30.7,29.1,34.19,30.27,29.72,27.99,30.27,29.72,27.99,29.78,29.28,27.44,29.78,29.28,27.44,36.72,36.44,36.48,36.59,36.83,35.12,34.2,29.41,35.12,34.2,29.41,35.36,34.84,28.39,35.36,34.84,28.39,0.06,0.06,0.06,0.06,0.06,0.06,0.06,0.06,0.06,0.06,0.06,0.06,0.06,0.06,0.06,0.06,0.06,0.06,0.01329,290.9,133.64,14.03,12.19,3.27,12.83,14.4,24.3,9.16,5.54,4.02,9.16,5.54,4.02,17.29,8.99,4.25,17.29,8.99,4.25
2.10.0,87,1:27:00,60,30.27,32.7,32.95,30.68,29.08,34.18,30.25,29.68,27.87,30.25,29.68,27.87,29.75,29.25,27.33,29.75,29.25,27.33,36.72,36.43,36.48,36.59,36.83,35.1,34.16,29.28,35.1,34.16,29.28,35.34,34.81,28.26,35.34,34.81,28.26,0.06,0.06,0.06,0.06,0.06,0.06,0.06,0.06,0.06,0.06,0.06,0.06,0.06,0.06,0.06,0.06,0.06,0.06,0.01329,291.4,134.26,14.09,12.18,3.27,12.81,14.37,24.29,9.14,5.52,3.96,9.14,5.52,3.96,17.25,8.96,4.19,17.25,8.96,4.19
2.10.0,88,1:28:00,60,30.24,32.7,32.94,30.66,29.07,34.18,30.24,29.65,27.76,30.24,29.65,27.76,29.73,29.23,27.21,29.73,29.23,27.21,36.71,36.43,36.48,36.59,36.83,35.08,34.12,29.15,35.08,34.12,29.15,35.32,34.78,28.14,35.32,34.78,28.14,0.06,0.06,0.06,0.06,0.06,0.06,0.06,0.06,0.06,0.06,0.06,0.06,0.06,0.06,0.06,0.06,0.06,0.06,0.01329,291.9,134.86,14.16,12.18,3.27,12.78,14.34,24.28,9.13,5.5,3.9,9.13,5.5,3.9,17.21,8.94,4.12,17.21,8.94,4.12
2.10.0,89,1:29:00,60,30.21,32.7,32.94,30.65,29.05,34.17,30.22,29.61,27.65,30.22,29.61,27.65,29.71,29.2,27.1,29.71,29.2,27.1,36.71,36.43,36.47,36.58,36.83,35.06,34.07,29.03,35.06,34.07,29.03,35.3,34.75,28.02,35.3,34.75,28.02,0.06,0.06,0.06,0.06,0.06,0.06,0.06,0.06,0.06,0.06,0.06,0.06,0.06,0.06,0.06,0.06,0.06,0.06,0.0133,292.4,135.44,14.22,12.18,3.27,12.76,14.32,24.27,9.11,5.48,3.85,9.11,5.48,3.85,17.17,8.91,4.06,17.17,8.91,4.06
2.10.0,90,1:30:00,60,30.19,32.7,32.94,30.63,29.04,34.17,30.2,29.58,27.54,30.2,29.58,27.54,29.69,29.18,27.0,29.69,29.18,27.0,36.71,36.43,36.47,36.58,36.83,35.05,34.03,28.92,35.05,34.03,28.92,35.27,34.72,27.91,35.27,34.72,27.91,0.06,0.06,0.06,0.06,0.06,0.06,0.06,0.06,0.06,0.06,0.06,0.06,0.06,0.06,0.06,0.06,0.06,0.06,0.0133,292.8,136.01,14.28,12.18,3.27,12.74,14.3,24.26,9.1,5.47,3.8,9.1,5.47,3.8,17.14,8.89,4.0,17.14,8.89,4.0
2.10.0,91,1:31:00,60,30.16,32.7,32.93,30.62,29.03,34.16,30.19,29.55,27.44,30.19,29.55,27.44,29.67,29.16,26.89,29.67,29.16,26.89,36.71,36.43,36.47,36.58,36.83,35.03,33.99,28.81,35.03,33.99,28.81,35.25,34.69,27.79,35.25,34.69,27.79,0.06,0.06,0.06,0.06,0.06,0.06,0.06,0.06,0.06,0.06,0.06,0.06,0.06,0.06,0.06,0.06,0.06,0.06,0.0133,293.3,136.56,14.34,12.18,3.27,12.72,14.28,24.25,9.09,5.45,3.75,9.09,5.45,3.75,17.1,8.87,3.95,17.1,8.87,3.95
2.10.0,92,1:32:00,60,30.14,32.71,32.93,30.6,29.02,34.16,30.17,29.52,27.35,30.17,29.52,27.35,29.65,29.13,26.79,29.65,29.13,26.79,36.7,36.43,36.47,36.58,36.82,35.01,33.95,28.71,35.01,33.95,28.71,35.23,34.66,27.69,35.23,34.66,27.69,0.06,0.06,0.06,0.06,0.06,0.06,0.06,0.06,0.06,0.06,0.06,0.06,0.06,0.06,0.06,0.06,0.06,0.06,0.01331,293.7,137.1,14.39,12.19,3.27,12.7,14.27,24.24,9.07,5.43,3.7,9.07,5.43,3.7,17.07,8.85,3.89,17.07,8.85,3.89
2.10.0,93,1:33:00,60,30.12,32.71,32.93,30.59,29.01,34.16,30.16,29.49,27.26,30.16,29.49,27.26,29.63,29.11,26.7,29.63,29.11,26.7,36.7,36.42,36.46,36.58,36.82,35.0,33.91,28.61,35.0,33.91,28.61,35.21,34.64,27.58,35.21,34.64,27.58,0.06,0.06,0.06,0.06,0.06,0.06,0.06,0.06,0.06,0.06,0.06,0.06,0.06,0.06,0.06,0.06,0.06,0.06,0.01331,294.2,137.63,14.45,12.19,3.27,12.69,14.25,24.24,9.06,5.41,3.66,9.06,5.41,3.66,17.04,8.83,3.84,17.04,8.83,3.84
2.10.0,94,1:34:00,60,30.09,32.71,32.92,30.58,29.0,34.15,30.15,29.46,27.17,30.15,29.46,27.17,29.62,29.09,26.61,29.62,29.09,26.61,36.7,36.42,36.46,36.57,36.82,34.98,33.87,28.52,34.98,33.87,28.52,35.19,34.61,27.48,35.19,34.61,27.48,0.06,0.06,0.06,0.06,0.06,0.06,0.06,0.06,0.06,0.06,0.06,0.06,0.06,0.06,0.06,0.06,0.06,0.06,0.01331,294.6,138.13,14.5,12.19,3.27,12.67,14.24,24.23,9.05,5.4,3.61,9.05,5.4,3.61,17.01,8.81,3.79,17.01,8.81,3.79
2.10.0,95,1:35:00,60,30.07,32.72,32.92,30.57,28.99,34.15,30.13,29.43,27.09,30.13,29.43,27.09,29.6,29.07,26.52,29.6,29.07,26.52,36.69,36.42,36.46,36.57,36.82,34.96,33.84,28.43,34.96,33.84,28.43,35.17,34.58,27.38,35.17,34.58,27.38,0.06,0.06,0.06,0.06,0.06,0.06,0.06,0.06,0.06,0.06,0.06,0.06,0.06,0.06,0.06,0.06,0.06,0.06,0.01332,295.0,138.63,14.55,12.19,3.27,12.66,14.22,24.23,9.04,5.38,3.57,9.04,5.38,3.57,16.98,8.79,3.74,16.98,8.79,3.74
2.10.0,96,1:36:00,60,30.05,32.72,32.92,30.56,28.99,34.15,30.12,29.4,27.01,30.12,29.4,27.01,29.58,29.05,26.43,29.58,29.05,26.43,36.69,36.42,36.46,36.57,36.82,34.95,33.8,28.35,34.95,33.8,28.35,35.15,34.55,27.29,35.15,34.55,27.29,0.06,0.06,0.06,0.06,0.06,0.06,0.06,0.06,0.06,0.06,0.06,0.06,0.06,0.06,0.06,0.06,0.06,0.06,0.01332,295.4,139.12,14.6,12.2,3.27,12.65,14.21,24.22,9.02,5.36,3.54,9.02,5.36,3.54,16.95,8.77,3.69,16.95,8.77,3.69
2.10.0,97,1:37:00,60,30.03,32.72,32.92,30.55,28.98,34.15,30.11,29.37,26.94,30.11,29.37,26.94,29.57,29.03,26.35,29.57,29.03,26.35,36.69,36.42,36.45,36.57,36.81,34.93,33.76,28.27,34.93,33.76,28.27,35.13,34.52,27.2,35.13,34.52,27.2,0.06,0.06,0.06,0.06,0.06,0.06,0.06,0.06,0.06,0.06,0.06,0.06,0.06,0.06,0.06,0.06,0.06,0.06,0.01333,295.8,139.59,14.65,12.2,3.27,12.64,14.2,24.22,9.01,5.35,3.5,9.01,5.35,3.5,16.92,8.75,3.65,16.92,8.75,3.65
2.10.0,98,1:38:00,60,30.01,32.73,32.91,30.54,28.98,34.15,30.09,29.35,26.87,30.09,29.35,26.87,29.55,29.01,26.27,29.55,29.01,26.27,36.69,36.41,36.45,36.56,36.81,34.92,33.73,28.19,34.92,33.73,28.19,35.11,34.5,27.11,35.11,34.5,27.11,0.06,0.06,0.06,0.06,0.06,0.06,0.06,0.06,0.06,0.06,0.06,0.06,0.06,0.06,0.06,0.06,0.06,0.06,0.01333,296.2,140.05,14.7,12.2,3.27,12.63,14.19,24.22,9.0,5.33,3.47,9.0,5.33,3.47,16.89,8.73,3.6,16.89,8.73,3.6
2.10.0,99,1:39:00,60,30.0,32.73,32.91,30.54,28.97,34.14,30.08,29.32,26.8,30.08,29.32,26.8,29.54,28.99,26.19,29.54,28.99,26.19,36.68,36.41,36.45,36.56,36.81,34.91,33.69,28.12,34.91,33.69,28.12,35.09,34.47,27.03,35.09,34.47,27.03,0.06,0.06,0.06,0.06,0.06,0.06,0.06,0.06,0.06,0.06,0.06,0.06,0.06,0.06,0.06,0.06,0.06,0.06,0.01334,296.5,140.5,14.75,12.21,3.26,12.62,14.18,24.21,8.99,5.32,3.43,8.99,5.32,3.43,16.87,8.71,3.56,16.87,8.71,3.56
2.10.0,100,1:40:00,60,29.98,32.73,32.91,30.53,28.97,34.14,30.07,29.29,26.74,30.07,29.29,26.74,29.52,28.97,26.11,29.52,28.97,26.11,36.68,36.41,36.45,36.56,36.81,34.89,33.66,28.05,34.89,33.66,28.05,35.07,34.44,26.95,35.07,34.44,26.95,0.06,0.06,0.06,0.06,0.06,0.06,0.06,0.06,0.06,0.06,0.06,0.06,0.06,0.06,0.06,0.06,0.06,0.06,0.01334,296.9,140.94,14.8,12.21,3.26,12.61,14.18,24.21,8.98,5.31,3.4,8.98,5.31,3.4,16.84,8.69,3.52,16.84,8.69,3.52
2.10.0,101,1:41:00,60,29.96,32.74,32.9,30.52,28.96,34.14,30.06,29.27,26.68,30.06,29.27,26.68,29.51,28.95,26.04,29.51,28.95,26.04,36.68,36.41,36.44,36.56,36.81,34.88,33.63,27.98,34.88,33.63,27.98,35.05,34.42,26.87,35.05,34.42,26.87,0.06,0.06,0.06,0.06,0.06,0.06,0.06,0.06,0.06,0.06,0.06,0.06,0.06,0.06,0.06,0.06,0.06,0.06,0.01335,297.2,141.36,14.84,12.21,3.26,12.6,14.17,24.21,8.97,5.29,3.37,8.97,5.29,3.37,16.82,8.67,3.48,16.82,8.67,3.48
2.10.0,102,1:42:00,60,29.94,32.74,32.9,30.52,28.96,34.14,30.05,29.25,26.62,30.05,29.25,26.62,29.49,28.93,25.97,29.49,28.93,25.97,36.68,36.41,36.44,36.56,36.8,34.86,33.59,27.92,34.86,33.59,27.92,35.03,34.39,26.79,35.03,34.39,26.79,0.06,0.06,0.06,0.06,0.06,0.06,0.06,0.06,0.06,0.06,0.06,0.06,0.06,0.06,0.06,0.06,0.06,0.06,0.01335,297.6,141.78,14.88,12.22,3.26,12.59,14.16,24.21,8.96,5.28,3.35,8.96,5.28,3.35,16.79,8.66,3.44,16.79,8.66,3.44
2.10.0,103,1:43:00,60,29.93,32.75,32.9,30.51,28.95,34.14,30.04,29.22,26.56,30.04,29.22,26.56,29.48,28.91,25.9,29.48,28.91,25.9,36.67,36.41,36.44,36.55,36.8,34.85,33.56,27.86,34.85,33.56,27.86,35.01,34.37,26.72,35.01,34.37,26.72,0.06,0.06,0.06,0.06,0.06,0.06,0.06,0.06,0.06,0.06,0.06,0.06,0.06,0.06,0.06,0.06,0.06,0.06,0.01336,297.9,142.19,14.93,12.22,3.26,12.59,14.16,24.2,8.95,5.26,3.32,8.95,5.26,3.32,16.77,8.64,3.4,16.77,8.64,3.4
2.10.0,104,1:44:00,60,29.91,32.75,32.9,30.5,28.95,34.14,30.03,29.2,26.51,30.03,29.2,26.51,29.47,28.9,25.84,29.47,28.9,25.84,36.67,36.4,36.44,36.55,36.8,34.84,33.53,27.8,34.84,33.53,27.8,35.0,34.34,26.64,35.0,34.34,26.64,0.06,0.06,0.06,0.06,0.06,0.06,0.06,0.06,0.06,0.06,0.06,0.06,0.06,0.06,0.06,0.06,0.06,0.06,0.01336,298.3,142.59,14.97,12.23,3.26,12.58,14.15,24.2,8.94,5.25,3.29,8.94,5.25,3.29,16.74,8.62,3.36,16.74,8.62,3.36
2.10.0,105,1:45:00,60,29.9,32.75,32.9,30.5,28.94,34.14,30.02,29.18,26.46,30.02,29.18,26.46,29.45,28.88,25.77,29.45,28.88,25.77,36.67,36.4,36.43,36.55,36.8,34.83,33.5,27.75,34.83,33.5,27.75,34.98,34.31,26.58,34.98,34.31,26.58,0.06,0.06,0.06,0.06,0.06,0.06,0.06,0.06,0.06,0.06,0.06,0.06,0.06,0.06,0.06,0.06,0.06,0.06,0.01337,298.6,142.98,15.01,12.23,3.26,12.57,14.14,24.2,8.93,5.24,3.27,8.93,5.24,3.27,16.72,8.6,3.33,16.72,8.6,3.33
2.10.0,106,1:46:00,60,29.88,32.76,32.89,30.49,28.94,34.14,30.01,29.15,26.41,30.01,29.15,26.41,29.44,28.86,25.71,29.44,28.86,25.71,36.67,36.4,36.43,36.55,36.8,34.81,33.47,27.69,34.81,33.47,27.69,34.96,34.29,26.51,34.96,34.29,26.51,0.06,0.06,0.06,0.06,0.06,0.06,0.06,0.06,0.06,0.06,0.06,0.06,0.06,0.06,0.06,0.06,0.06,0.06,0.01337,298.9,143.37,15.05,12.23,3.26,12.57,14.14,24.2,8.92,5.23,3.25,8.92,5.23,3.25,16.7,8.59,3.3,16.7,8.59,3.3
2.10.0,107,1:47:00,60,29.87,32.76,32.89,30.49,28.94,34.14,30.0,29.13,26.37,30.0,29.13,26.37,29.43,28.84,25.65,29.43,28.84,25.65,36.66,36.4,36.43,36.55,36.79,34.8,33.44,27.64,34.8,33.44,27.64,34.94,34.26,26.44,34.94,34.26,26.44,0.06,0.06,0.06,0.06,0.06,0.06,0.06,0.06,0.06,0.06,0.06,0.06,0.06,0.06,0.06,0.06,0.06,0.06,0.01338,299.2,143.74,15.09,12.24,3.26,12.56,14.13,24.2,8.92,5.21,3.23,8.92,5.21,3.23,16.68,8.57,3.26,16.68,8.57,3.26
2.10.0,108,1:48:00,60,29.86,32.77,32.89,30.48,28.93,34.14,29.99,29.11,26.32,29.99,29.11,26.32,29.42,28.83,25.59,29.42,28.83,25.59,36.66,36.4,36.43,36.54,36.79,34.79,33.41,27.6,34.79,33.41,27.6,34.93,34.24,26.38,34.93,34.24,26.38,0.06,0.06,0.06,0.06,0.06,0.06,0.06,0.06,0.06,0.06,0.06,0.06,0.06,0.06,0.06,0.06,0.06,0.06,0.01338,299.5,144.11,15.13,12.24,3.26,12.55,14.13,24.2,8.91,5.2,3.2,8.91,5.2,3.2,16.66,8.56,3.23,16.66,8.56,3.23
2.10.0,109,1:49:00,60,29.84,32.77,32.89,30.48,28.93,34.14,29.98,29.09,26.28,29.98,29.09,26.28,29.4,28.81,25.54,29.4,28.81,25.54,36.66,36.4,36.42,36.54,36.79,34.78,33.39,27.55,34.78,33.39,27.55,34.91,34.22,26.32,34.91,34.22,26.32,0.06,0.06,0.06,0.06,0.06,0.06,0.06,0.06,0.06,0.06,0.06,0.06,0.06,0.06,0.06,0.06,0.06,0.06,0.01339,299.8,144.47,15.17,12.24,3.26,12.55,14.12,24.2,8.9,5.19,3.18,8.9,5.19,3.18,16.63,8.54,3.2,16.63,8.54,3.2
2.10.0,110,1:50:00,60,29.83,32.77,32.88,30.48,28.93,34.14,29.97,29.07,26.24,29.97,29.07,26.24,29.39,28.79,25.49,29.39,28.79,25.49,36.66,36.39,36.42,36.54,36.79,34.77,33.36,27.51,34.77,33.36,27.51,34.89,34.19,26.26,34.89,34.19,26.26,0.06,0.06,0.06,0.06,0.06,0.06,0.06,0.06,0.06,0.06,0.06,0.06,0.06,0.06,0.06,0.06,0.06,0.06,0.01339,300.1,144.82,15.2,12.25,3.26,12.54,14.12,24.2,8.89,5.18,3.17,8.89,5.18,3.17,16.61,8.52,3.17,16.61,8.52,3.17
2.10.0,111,1:51:00,60,29.82,32.78,32.88,30.47,28.93,34.14,29.96,29.05,26.21,29.96,29.05,26.21,29.38,28.78,25.43,29.38,28.78,25.43,36.65,36.39,36.42,36.54,36.79,34.76,33.33,27.47,34.76,33.33,27.47,34.88,34.17,26.21,34.88,34.17,26.21,0.06,0.06,0.06,0.06,0.06,0.06,0.06,0.06,0.06,0.06,0.06,0.06,0.06,0.06,0.06,0.06,0.06,0.06,0.01339,300.4,145.16,15.24,12.25,3.26,12.54,14.11,24.2,8.88,5.17,3.15,8.88,5.17,3.15,16.59,8.51,3.14,16.59,8.51,3.14
2.10.0,112,1:52:00,60,29.81,32.78,32.88,30.47,28.92,34.14,29.95,29.03,26.17,29.95,29.03,26.17,29.37,28.76,25.38,29.37,28.76,25.38,36.65,36.39,36.42,36.54,36.78,34.75,33.31,27.43,34.75,33.31,27.43,34.86,34.15,26.15,34.86,34.15,26.15,0.06,0.06,0.06,0.06,0.06,0.06,0.06,0.06,0.06,0.06,0.06,0.06,0.06,0.06,0.06,0.06,0.06,0.06,0.0134,300.7,145.5,15.27,12.25,3.26,12.54,14.11,24.2,8.88,5.16,3.13,8.88,5.16,3.13,16.57,8.49,3.12,16.57,8.49,3.12
2.10.0,113,1:53:00,60,29.8,32.78,32.88,30.47,28.92,34.14,29.94,29.01,26.14,29.94,29.01,26.14,29.36,28.75,25.34,29.36,28.75,25.34,36.65,36.39,36.42,36.54,36.78,34.74,33.28,27.39,34.74,33.28,27.39,34.85,34.12,26.1,34.85,34.12,26.1,0.06,0.06,0.06,0.06,0.06,0.06,0.06,0.06,0.06,0.06,0.06,0.06,0.06,0.06,0.06,0.06,0.06,0.06,0.0134,301.0,145.83,15.31,12.26,3.26,12.53,14.11,24.2,8.87,5.15,3.11,8.87,5.15,3.11,16.55,8.48,3.09,16.55,8.48,3.09
2.10.0,114,1:54:00,60,29.78,32.79,32.88,30.46,28.92,34.14,29.93,28.99,26.1,29.93,28.99,26.1,29.35,28.73,25.29,29.35,28.73,25.29,36.65,36.39,36.41,36.53,36.78,34.73,33.25,27.36,34.73,33.25,27.36,34.83,34.1,26.05,34.83,34.1,26.05,0.06,0.06,0.06,0.06,0.06,0.06,0.06,0.06,0.06,0.06,0.06,0.06,0.06,0.06,0.06,0.06,0.06,0.06,0.01341,301.2,146.15,15.34,12.26,3.26,12.53,14.1,24.19,8.86,5.14,3.1,8.86,5.14,3.1,16.53,8.46,3.06,16.53,8.46,3.06
2.10.0,115,1:55:00,60,29.77,32.79,32.87,30.46,28.92,34.14,29.93,28.97,26.07,29.93,28.97,26.07,29.34,28.71,25.24,29.34,28.71,25.24,36.65,36.39,36.41,36.53,36.78,34.72,33.23,27.32,34.72,33.23,27.32,34.82,34.08,26.0,34.82,34.08,26.0,0.06,0.06,0.06,0.06,0.06,0.06,0.06,0.06,0.06,0.06,0.06,0.06,0.06,0.06,0.06,0.06,0.06,0.06,0.01341,301.5,146.47,15.38,12.26,3.26,12.52,14.1,24.19,8.85,5.13,3.08,8.85,5.13,3.08,16.52,8.45,3.04,16.52,8.45,3.04
2.10.0,116,1:56:00,60,29.76,32.79,32.87,30.46,28.91,34.14,29.92,28.95,26.04,29.92,28.95,26.04,29.32,28.7,25.2,29.32,28.7,25.2,36.64,36.38,36.41,36.53,36.78,34.71,33.21,27.29,34.71,33.21,27.29,34.8,34.05,25.95,34.8,34.05,25.95,0.06,0.06,0.06,0.06,0.06,0.06,0.06,0.06,0.06,0.06,0.06,0.06,0.06,0.06,0.06,0.06,0.06,0.06,0.01342,301.8,146.78,15.41,12.27,3.26,12.52,14.1,24.19,8.85,5.12,3.07,8.85,5.12,3.07,16.5,8.44,3.02,16.5,8.44,3.02
2.10.0,117,1:57:00,60,29.75,32.8,32.87,30.45,28.91,34.14,29.91,28.94,26.02,29.91,28.94,26.02,29.31,28.68,25.16,29.31,28.68,25.16,36.64,36.38,36.41,36.53,36.77,34.7,33.18,27.26,34.7,33.18,27.26,34.79,34.03,25.91,34.79,34.03,25.91,0.06,0.06,0.06,0.06,0.06,0.06,0.06,0.06,0.06,0.06,0.06,0.06,0.06,0.06,0.06,0.06,0.06,0.06,0.01342,302.0,147.09,15.44,12.27,3.25,12.52,14.09,24.19,8.84,5.11,3.06,8.84,5.11,3.06,16.48,8.42,2.99,16.48,8.42,2.99
2.10.0,118,1:58:00,60,29.74,32.8,32.87,30.45,28.91,34.14,29.9,28.92,25.99,29.9,28.92,25.99,29.3,28.67,25.12,29.3,28.67,25.12,36.64,36.38,36.41,36.53,36.77,34.69,33.16,27.23,34.69,33.16,27.23,34.78,34.01,25.86,34.78,34.01,25.86,0.06,0.06,0.06,0.06,0.06,0.06,0.06,0.06,0.06,0.06,0.06,0.06,0.06,0.06,0.06,0.06,0.06,0.06,0.01343,302.3,147.39,15.47,12.27,3.25,12.51,14.09,24.19,8.83,5.1,3.04,8.83,5.1,3.04,16.46,8.41,2.97,16.46,8.41,2.97
2.10.0,119,1:59:00,60,29.73,32.8,32.87,30.45,28.91,34.14,29.9,28.9,25.96,29.9,28.9,25.96,29.29,28.65,25.08,29.29,28.65,25.08,36.64,36.38,36.4,36.53,36.77,34.68,33.14,27.2,34.68,33.14,27.2,34.76,33.99,25.82,34.76,33.99,25.82,0.06,0.06,0.06,0.06,0.06,0.06,0.06,0.06,0.06,0.06,0.06,0.06,0.06,0.06,0.06,0.06,0.06,0.06,0.01343,302.5,147.68,15.5,12.28,3.25,12.51,14.09,24.19,8.83,5.09,3.03,8.83,5.09,3.03,16.44,8.39,2.95,16.44,8.39,2.95
2.10.0,120,2:00:00,60,29.72,32.81,32.87,30.44,28.91,34.14,29.89,28.89,25.94,29.89,28.89,25.94,29.28,28.64,25.04,29.28,28.64,25.04,36.64,36.38,36.4,36.52,36.77,34.67,33.12,27.18,34.67,33.12,27.18,34.75,33.97,25.78,34.75,33.97,25.78,0.06,0.06,0.06,0.06,0.06,0.06,0.06,0.06,0.06,0.06,0.06,0.06,0.06,0.06,0.06,0.06,0.06,0.06,0.01344,302.7,147.97,15.53,12.28,3.25,12.51,14.08,24.19,8.82,5.08,3.02,8.82,5.08,3.02,16.43,8.38,2.93,16.43,8.38,2.93
